{"cameraMode":{"drawMode":0,"name":"Shaded","section":"Shading Mode"},"sceneLighting":true,"audioPlay":false,"sceneViewState":{"m_AlwaysRefresh":false,"showFog":true,"showSkybox":true,"showFlares":true,"showImageEffects":true,"showParticleSystems":true,"showVisualEffectGraphs":true,"m_FxEnabled":true},"in2DMode":false,"pivot":{"x":-0.30000001192092898,"y":1.2999999523162842,"z":6.025000095367432},"rotation":{"x":-0.001118575455620885,"y":0.9824569225311279,"z":-0.18640004098415376,"w":-0.00589485839009285},"size":666.5989990234375,"orthographic":true}